{"cameraMode":{"drawMode":0,"name":"Shaded","section":"Shading Mode"},"sceneLighting":false,"audioPlay":false,"sceneViewState":{"showFog":true,"showMaterialUpdate":false,"showSkybox":true,"showFlares":true,"showImageEffects":true,"showParticleSystems":true},"in2DMode":false,"pivot":{"x":-118.23416137695313,"y":79.92728424072266,"z":291.4350891113281},"rotation":{"x":0.25386443734169009,"y":-0.10921084880828858,"z":-0.9607928991317749,"w":-0.030922435224056245},"size":324.1034240722656,"orthographic":false}